OWNER.NAME.COMPANY.1,ADDR.MAIL.STREET,ADDR.MAIL.EXTRA.LINE,ADDR.MAIL.CITY,ADDR.MAIL.STATE,ADDR.MAIL.ZIP,QualtricsLink,ShortURL,Code,CustomLink,mailReturn,onlineDifficulty,noInternet,Notes
AIR MARINE COMPANY INC,PO BOX 8944              ,                         ,KETCHIKAN           ,AK,99901,http://uaa.co1.qualtrics.com/jfe/form/SV_06es9yDkSMD0hDf?Q_DL=e5weCGYACSnS4BL_06es9yDkSMD0hDf_MLRP_4O71ExPII743VTT&Q_CHL=gl,,LN222776,https://short.iseralaska.org/LN222776,,,,
AK BOAT RENTAL,12152 E PAUL AVE         ,                         ,CLOVIS              ,CA,93619,http://uaa.co1.qualtrics.com/jfe/form/SV_06es9yDkSMD0hDf?Q_DL=e5weCGYACSnS4BL_06es9yDkSMD0hDf_MLRP_6M9jfw5HxgH5yol&Q_CHL=gl,,DT667352,https://short.iseralaska.org/DT667352,,,,
AK RECREATIONAL MGMT,3705 ARCTIC BLVD #2337   ,                         ,ANCHORAGE           ,AK,99503,http://uaa.co1.qualtrics.com/jfe/form/SV_06es9yDkSMD0hDf?Q_DL=e5weCGYACSnS4BL_06es9yDkSMD0hDf_MLRP_0VWQuenK6dtWEC1&Q_CHL=gl,,JX249384,https://short.iseralaska.org/JX249384,,,,
ALASKA BUSH ADVENTURES LLC,4236 HORIZON AVE         ,                         ,ANCHORAGE           ,AK,99517,http://uaa.co1.qualtrics.com/jfe/form/SV_06es9yDkSMD0hDf?Q_DL=e5weCGYACSnS4BL_06es9yDkSMD0hDf_MLRP_cRMVOpxob8eE0KN&Q_CHL=gl,,AK954407,https://short.iseralaska.org/AK954407,1,,,
ALASKA CANOE EXPERIENCE LLC,716 TOTEM WAY            ,,KETCHIKAN           ,AK,99901,http://uaa.co1.qualtrics.com/jfe/form/SV_06es9yDkSMD0hDf?Q_DL=e5weCGYACSnS4BL_06es9yDkSMD0hDf_MLRP_bj7OIhIehG0cZpj&Q_CHL=gl,,XU546023,https://short.iseralaska.org/XU546023,,,,
ALASKA CHADUX CORP,2347 AZURITE CT          ,                         ,ANCHORAGE           ,AK,99507,http://uaa.co1.qualtrics.com/jfe/form/SV_06es9yDkSMD0hDf?Q_DL=e5weCGYACSnS4BL_06es9yDkSMD0hDf_MLRP_9mDgyCaTQNxFLQV&Q_CHL=gl,,VC539356,https://short.iseralaska.org/VC539356,,,,
ALASKA DNR/DPOR,PO BOX 1247              ,                         ,SOLDOTNA            ,AK,99669,http://uaa.co1.qualtrics.com/jfe/form/SV_06es9yDkSMD0hDf?Q_DL=e5weCGYACSnS4BL_06es9yDkSMD0hDf_MLRP_6gqSLT3TNaPCWON&Q_CHL=gl,,GB674334,https://short.iseralaska.org/GB674334,,,,
ALASKA QUEST CHARTERS INC,PO BOX 35422             ,                         ,JUNEAU              ,AK,99803,http://uaa.co1.qualtrics.com/jfe/form/SV_06es9yDkSMD0hDf?Q_DL=e5weCGYACSnS4BL_06es9yDkSMD0hDf_MLRP_1ZE1y1QnTSH6s5f&Q_CHL=gl,,SM799413,https://short.iseralaska.org/SM799413,,,,
ALASKA RAFT CONNESTION LLC,4235 AIRCRAFT DR D       ,                         ,ANCHORAGE           ,AK,99502,http://uaa.co1.qualtrics.com/jfe/form/SV_06es9yDkSMD0hDf?Q_DL=e5weCGYACSnS4BL_06es9yDkSMD0hDf_MLRP_4ZoCch2FF8fv0VL&Q_CHL=gl,,VD101718,https://short.iseralaska.org/VD101718,,,,
ALASKA RAILROAD,PO BOX 107500            ,                         ,ANCHORAGE           ,AK,99510,http://uaa.co1.qualtrics.com/jfe/form/SV_06es9yDkSMD0hDf?Q_DL=e5weCGYACSnS4BL_06es9yDkSMD0hDf_MLRP_81H5IppBOGdgzpb&Q_CHL=gl,,NS694729,https://short.iseralaska.org/NS694729,,,,
ALASKA SAFARI INC,PO BOX 190583            ,                         ,ANCHORAGE           ,AK,99519,http://uaa.co1.qualtrics.com/jfe/form/SV_06es9yDkSMD0hDf?Q_DL=e5weCGYACSnS4BL_06es9yDkSMD0hDf_MLRP_aYwwrVEP6YyNVE9&Q_CHL=gl,,AA675248,https://short.iseralaska.org/AA675248,,,,
ALASKA SAILING CLUB,PO BOX 92554             ,                         ,ANCHORAGE           ,AK,99509,http://uaa.co1.qualtrics.com/jfe/form/SV_06es9yDkSMD0hDf?Q_DL=e5weCGYACSnS4BL_06es9yDkSMD0hDf_MLRP_6hxGKJHFTtziPvD&Q_CHL=gl,,VO879695,https://short.iseralaska.org/VO879695,,,,
ALASKA SPORTSMANS LODGE,PO BOX 221               ,                         ,KING SALMON         ,AK,99613,http://uaa.co1.qualtrics.com/jfe/form/SV_06es9yDkSMD0hDf?Q_DL=e5weCGYACSnS4BL_06es9yDkSMD0hDf_MLRP_2uGs1OIeCLOJzQV&Q_CHL=gl,,OE775637,https://short.iseralaska.org/OE775637,,,,
ALASKA STATE PARKS,P O BOX 1247             ,                         ,SOLDOTNA            ,AK,99669,http://uaa.co1.qualtrics.com/jfe/form/SV_06es9yDkSMD0hDf?Q_DL=e5weCGYACSnS4BL_06es9yDkSMD0hDf_MLRP_aeCYSVKmNQ8LFlP&Q_CHL=gl,,JR147899,https://short.iseralaska.org/JR147899,,,,
ALASKA TRAVEL ADVENTURES,9085 GLACIER HWY SUITE 30,                         ,JUNEAU              ,AK,99801,http://uaa.co1.qualtrics.com/jfe/form/SV_06es9yDkSMD0hDf?Q_DL=e5weCGYACSnS4BL_06es9yDkSMD0hDf_MLRP_6g0YRkBw9xbLmoR&Q_CHL=gl,,HQ267362,https://short.iseralaska.org/HQ267362,,,,
ALASKA WILDERNESS VOYAGES LLC,16320 BLACK BEAR CIRCLE  ,                         ,ANCHORAGE           ,AK,99516,http://uaa.co1.qualtrics.com/jfe/form/SV_06es9yDkSMD0hDf?Q_DL=e5weCGYACSnS4BL_06es9yDkSMD0hDf_MLRP_3FeFC3VJDyPWzAh&Q_CHL=gl,,VJ946455,https://short.iseralaska.org/VJ946455,,,,
ALASKAN VENTURES,121 FLIGHTLINE RD        ,                         ,PORT ALSWORTH       ,AK,99653,http://uaa.co1.qualtrics.com/jfe/form/SV_06es9yDkSMD0hDf?Q_DL=e5weCGYACSnS4BL_06es9yDkSMD0hDf_MLRP_di2Bx9qMYLImNbn&Q_CHL=gl,,VA377953,https://short.iseralaska.org/VA377953,,,,
ALASKAS ANVIK RIVER LODGE,PO BOX 109               ,                         ,ANVIK               ,AK,99558,http://uaa.co1.qualtrics.com/jfe/form/SV_06es9yDkSMD0hDf?Q_DL=e5weCGYACSnS4BL_06es9yDkSMD0hDf_MLRP_exMz10x2SUIEORn&Q_CHL=gl,,CH738290,https://short.iseralaska.org/CH738290,,,,
ALASKA'S FISHING UNLIMITED INC,44 MAMMOTH LANE          ,                         ,PORT ALSWORTH       ,AK,99653,http://uaa.co1.qualtrics.com/jfe/form/SV_06es9yDkSMD0hDf?Q_DL=e5weCGYACSnS4BL_06es9yDkSMD0hDf_MLRP_bOOKtKFsAPiBlMF&Q_CHL=gl,,NA546557,https://short.iseralaska.org/NA546557,,,,
ALEUTIAN ADVENTURES,717 K ST                 ,                         ,ANCHORAGE           ,AK,99501,http://uaa.co1.qualtrics.com/jfe/form/SV_06es9yDkSMD0hDf?Q_DL=e5weCGYACSnS4BL_06es9yDkSMD0hDf_MLRP_eVzSMfzaztU77St&Q_CHL=gl,,QG632239,https://short.iseralaska.org/QG632239,,,,
ALLEN MARINE TOURS INC.,PO BOX 1049              ,                         ,SITKA               ,AK,99835,http://uaa.co1.qualtrics.com/jfe/form/SV_06es9yDkSMD0hDf?Q_DL=e5weCGYACSnS4BL_06es9yDkSMD0hDf_MLRP_aXgR8k2Kl3g697L&Q_CHL=gl,,ZF923056,https://short.iseralaska.org/ZF923056,,,,
ALLEN MARINE TOURS INC,PO BOX 1049              ,                         ,SITKA               ,AK,99835,http://uaa.co1.qualtrics.com/jfe/form/SV_06es9yDkSMD0hDf?Q_DL=e5weCGYACSnS4BL_06es9yDkSMD0hDf_MLRP_6yP74eieWeNZtyt&Q_CHL=gl,,PG464894,https://short.iseralaska.org/PG464894,,,,
ALYESKA PIPELINE SERVICE CO,POB 109 MS 730           ,                         ,VALDEZ              ,AK,99686,http://uaa.co1.qualtrics.com/jfe/form/SV_06es9yDkSMD0hDf?Q_DL=e5weCGYACSnS4BL_06es9yDkSMD0hDf_MLRP_egG9L8RRnzBVuo5&Q_CHL=gl,,LU237771,https://short.iseralaska.org/LU237771,,,,
ALYESKA PIPELINE SERVICE,PO BOX 109               ,                         ,VALDEZ              ,AK,99686,http://uaa.co1.qualtrics.com/jfe/form/SV_06es9yDkSMD0hDf?Q_DL=e5weCGYACSnS4BL_06es9yDkSMD0hDf_MLRP_6VahcfoRa0Cs6Wh&Q_CHL=gl,,PM831614,https://short.iseralaska.org/PM831614,,,,
ALYESKA PIPELINE SIRVICE CO,3311 LATHROP ST          ,                         ,FAIRBANKS           ,AK,99701,http://uaa.co1.qualtrics.com/jfe/form/SV_06es9yDkSMD0hDf?Q_DL=e5weCGYACSnS4BL_06es9yDkSMD0hDf_MLRP_9YnQwgaq4GvenFH&Q_CHL=gl,,NP377134,https://short.iseralaska.org/NP377134,,,,
AMAK TOWING,PO BOX 7655              ,                         ,KETCHIKAN           ,AK,99901,http://uaa.co1.qualtrics.com/jfe/form/SV_06es9yDkSMD0hDf?Q_DL=e5weCGYACSnS4BL_06es9yDkSMD0hDf_MLRP_3xRMfwFFnChSkzb&Q_CHL=gl,,YL972651,https://short.iseralaska.org/YL972651,,,,
APICDA JOINT VENTURES,717 K STREET             ,                         ,ANCHORAGE           ,AK,99501,http://uaa.co1.qualtrics.com/jfe/form/SV_06es9yDkSMD0hDf?Q_DL=e5weCGYACSnS4BL_06es9yDkSMD0hDf_MLRP_8cRRyWIPApj0ETP&Q_CHL=gl,,OV796056,https://short.iseralaska.org/OV796056,,,,
APICDA,717 K STREET             ,                         ,ANCHORAGE           ,AK,99501,http://uaa.co1.qualtrics.com/jfe/form/SV_06es9yDkSMD0hDf?Q_DL=e5weCGYACSnS4BL_06es9yDkSMD0hDf_MLRP_eCzLJDrc5BdoEL3&Q_CHL=gl,,HX301476,https://short.iseralaska.org/HX301476,,,,
APPEL OIL CO,7841 W LEISURE CIR       ,                         ,WASILLA             ,AK,99623,http://uaa.co1.qualtrics.com/jfe/form/SV_06es9yDkSMD0hDf?Q_DL=e5weCGYACSnS4BL_06es9yDkSMD0hDf_MLRP_d4mQj6JlL120edn&Q_CHL=gl,,QP473982,https://short.iseralaska.org/QP473982,,,,
ARCTIC CIRCLE CONSULTING,PO BOX 240427            ,                         ,ANCHORAGE           ,AK,99518,http://uaa.co1.qualtrics.com/jfe/form/SV_06es9yDkSMD0hDf?Q_DL=e5weCGYACSnS4BL_06es9yDkSMD0hDf_MLRP_3xCkLbCbCXQRUDH&Q_CHL=gl,,AC658646,https://short.iseralaska.org/AC658646,,,,
ARCTIC DIRTWORKS INC,PO BOX 55957             ,                         ,NORTH POLE          ,AK,99705,http://uaa.co1.qualtrics.com/jfe/form/SV_06es9yDkSMD0hDf?Q_DL=e5weCGYACSnS4BL_06es9yDkSMD0hDf_MLRP_3Jd7NUMR0MP3unj&Q_CHL=gl,,GQ883569,https://short.iseralaska.org/GQ883569,,,,
ARK PROPERTIES LLC,11204 N BAR 21 DRIVE     ,                         ,GLENNS FERRY        ,ID,83623,http://uaa.co1.qualtrics.com/jfe/form/SV_06es9yDkSMD0hDf?Q_DL=e5weCGYACSnS4BL_06es9yDkSMD0hDf_MLRP_80TMLr7AO2XlvRr&Q_CHL=gl,,KW440324,https://short.iseralaska.org/KW440324,,,,
ARMSTRONG-KETA INC,PO BOX 21990             ,                         ,JUNEAU              ,AK,99802,http://uaa.co1.qualtrics.com/jfe/form/SV_06es9yDkSMD0hDf?Q_DL=e5weCGYACSnS4BL_06es9yDkSMD0hDf_MLRP_3EtDxfxfULLWDKR&Q_CHL=gl,,RP307595,https://short.iseralaska.org/RP307595,,,,
ARMSTRONG-KETA INC,PO BOX 21990             ,                         ,JUNEAU              ,AK,99802,http://uaa.co1.qualtrics.com/jfe/form/SV_06es9yDkSMD0hDf?Q_DL=e5weCGYACSnS4BL_06es9yDkSMD0hDf_MLRP_9NWQncpb2fVRA0t&Q_CHL=gl,,GU446676,https://short.iseralaska.org/GU446676,,,,
ATA (ASSETS)LLC,BOX 31                   ,                         ,KING SALMON         ,AK,99613,http://uaa.co1.qualtrics.com/jfe/form/SV_06es9yDkSMD0hDf?Q_DL=e5weCGYACSnS4BL_06es9yDkSMD0hDf_MLRP_eKHhDnpBho73G85&Q_CHL=gl,,DJ194517,https://short.iseralaska.org/DJ194517,,,,
ATA (ASSETS)LLC,PO BOX 31                ,                         ,KING SALMON         ,AK,99613,http://uaa.co1.qualtrics.com/jfe/form/SV_06es9yDkSMD0hDf?Q_DL=e5weCGYACSnS4BL_06es9yDkSMD0hDf_MLRP_1XiWCiO5PxuAQVT&Q_CHL=gl,,CI147184,https://short.iseralaska.org/CI147184,,,,
AYAKULIK ADVENTURES,3901 HARRY NEILSEN AVE   ,                         ,KODIAK              ,AK,99615,http://uaa.co1.qualtrics.com/jfe/form/SV_06es9yDkSMD0hDf?Q_DL=e5weCGYACSnS4BL_06es9yDkSMD0hDf_MLRP_czRfu8pRlKbFsIR&Q_CHL=gl,,YQ634858,https://short.iseralaska.org/YQ634858,,,,
B P EXPLORATION NORTH ALASKA,PO BOX 196612            ,BOC F-1                  ,ANCHORAGE           ,AK,99519,http://uaa.co1.qualtrics.com/jfe/form/SV_06es9yDkSMD0hDf?Q_DL=e5weCGYACSnS4BL_06es9yDkSMD0hDf_MLRP_3IBTt6WguqrHTpP&Q_CHL=gl,,JD778724,https://short.iseralaska.org/JD778724,,,,
BARANOF AND COMPANY,PO BOX 8523              ,                         ,KETCHIKAN           ,AK,99901,http://uaa.co1.qualtrics.com/jfe/form/SV_06es9yDkSMD0hDf?Q_DL=e5weCGYACSnS4BL_06es9yDkSMD0hDf_MLRP_9uAlViVYi1d96YJ&Q_CHL=gl,,GM796053,https://short.iseralaska.org/GM796053,,,,
BAYSIDE CHARTERS,PO BOX 3107              ,                         ,SITKA               ,AK,99835,http://uaa.co1.qualtrics.com/jfe/form/SV_06es9yDkSMD0hDf?Q_DL=e5weCGYACSnS4BL_06es9yDkSMD0hDf_MLRP_9BT3KKVlseSnZOZ&Q_CHL=gl,,CP562205,https://short.iseralaska.org/CP562205,,,,
BEARS DEN CABINS LLC,PO BOX 365               ,                         ,CORDOVA             ,AK,99574,http://uaa.co1.qualtrics.com/jfe/form/SV_06es9yDkSMD0hDf?Q_DL=e5weCGYACSnS4BL_06es9yDkSMD0hDf_MLRP_3KptQET8J4VO5sp&Q_CHL=gl,,AL204229,https://short.iseralaska.org/AL204229,,,,
BOYER TOWING INC,PO BOX 8000              ,                         ,KETCHIKAN           ,AK,99901,http://uaa.co1.qualtrics.com/jfe/form/SV_06es9yDkSMD0hDf?Q_DL=e5weCGYACSnS4BL_06es9yDkSMD0hDf_MLRP_3CUjhqXtUCZeDch&Q_CHL=gl,,HX546002,https://short.iseralaska.org/HX546002,,,,
BP EXPLORATION ALASKA,PO BOX 196612            ,                         ,ANCHORAGE           ,AK,99519,http://uaa.co1.qualtrics.com/jfe/form/SV_06es9yDkSMD0hDf?Q_DL=e5weCGYACSnS4BL_06es9yDkSMD0hDf_MLRP_cGV9koNcuwKKDOd&Q_CHL=gl,,HH234182,https://short.iseralaska.org/HH234182,,,,
BRECHAN CONSTRUCTION INC,2705 MILL BAY RD         ,                         ,KODIAK              ,AK,99615,http://uaa.co1.qualtrics.com/jfe/form/SV_06es9yDkSMD0hDf?Q_DL=e5weCGYACSnS4BL_06es9yDkSMD0hDf_MLRP_dhRVgu6XHF3U9gx&Q_CHL=gl,,AI324819,https://short.iseralaska.org/AI324819,,,,
BRICE INC,PO BOX 70668             ,                         ,FAIRBANKS           ,AK,99707,http://uaa.co1.qualtrics.com/jfe/form/SV_06es9yDkSMD0hDf?Q_DL=e5weCGYACSnS4BL_06es9yDkSMD0hDf_MLRP_00NXN03T5ZUi32t&Q_CHL=gl,,FF124100,https://short.iseralaska.org/FF124100,,,,
BRISTOL BAY MISSION LODGE,111 W 16TH AVE,,,,,,,,,,,,
C R AND M A WAGGOOD LIV TRUST,PO BOX 111822            ,                         ,ANCHORAGE           ,AK,99511,http://uaa.co1.qualtrics.com/jfe/form/SV_06es9yDkSMD0hDf?Q_DL=e5weCGYACSnS4BL_06es9yDkSMD0hDf_MLRP_8AJNL4XHHxPQs6x&Q_CHL=gl,,NL600066,https://short.iseralaska.org/NL600066,,,,
CAMPIONE RACING LLC,PO BOX 497               ,                         ,CRAIG               ,AK,99921,http://uaa.co1.qualtrics.com/jfe/form/SV_06es9yDkSMD0hDf?Q_DL=e5weCGYACSnS4BL_06es9yDkSMD0hDf_MLRP_6E7avyGKsJRcmW1&Q_CHL=gl,,VK742228,https://short.iseralaska.org/VK742228,,,,
CATCH A KING,PO BOX 480               ,                         ,CRAIG               ,AK,99921,http://uaa.co1.qualtrics.com/jfe/form/SV_06es9yDkSMD0hDf?Q_DL=e5weCGYACSnS4BL_06es9yDkSMD0hDf_MLRP_3xEXXQCbOd1Qsmx&Q_CHL=gl,,NS624036,https://short.iseralaska.org/NS624036,,,,
CHANNEL ELECTRIC,1155 COPPER RIDGE LANE   ,                         ,KETCHIKAN           ,AK,99901,http://uaa.co1.qualtrics.com/jfe/form/SV_06es9yDkSMD0hDf?Q_DL=e5weCGYACSnS4BL_06es9yDkSMD0hDf_MLRP_6PeGBhlBoQdH0Kp&Q_CHL=gl,,UQ396521,https://short.iseralaska.org/UQ396521,,,,
CITY OF HOMER PORT & HARBOR,491 E PIONEER AVE        ,                         ,HOMER               ,AK,99603,http://uaa.co1.qualtrics.com/jfe/form/SV_06es9yDkSMD0hDf?Q_DL=e5weCGYACSnS4BL_06es9yDkSMD0hDf_MLRP_dc1bLoh4P5AfpXv&Q_CHL=gl,,YB995956,https://short.iseralaska.org/YB995956,,,,
CITY OF NUNAPITCHUK,PO BOX 190               ,                         ,NUNAPITCHUK         ,AK,99641,http://uaa.co1.qualtrics.com/jfe/form/SV_06es9yDkSMD0hDf?Q_DL=e5weCGYACSnS4BL_06es9yDkSMD0hDf_MLRP_72O2xOuGpsc61GR&Q_CHL=gl,,JU665463,https://short.iseralaska.org/JU665463,,,,
CITY OF SEWARD,PO BOX 167               ,                         ,SEWARD              ,AK,99664,http://uaa.co1.qualtrics.com/jfe/form/SV_06es9yDkSMD0hDf?Q_DL=e5weCGYACSnS4BL_06es9yDkSMD0hDf_MLRP_bdCKkn7VmVKFeFn&Q_CHL=gl,,GY436956,https://short.iseralaska.org/GY436956,,,,
CLARK DATA LLC,999 TANALIAN DR          ,                         ,PORT ALSWORTH       ,AK,99653,http://uaa.co1.qualtrics.com/jfe/form/SV_06es9yDkSMD0hDf?Q_DL=e5weCGYACSnS4BL_06es9yDkSMD0hDf_MLRP_6LtLuFJHx7ws2Md&Q_CHL=gl,,ZJ858711,https://short.iseralaska.org/ZJ858711,,,,
COFFMAN COVE BT HSE & LDGE LLC,BOX 18107                ,                         ,COFFMAN COVE        ,AK,99918,http://uaa.co1.qualtrics.com/jfe/form/SV_06es9yDkSMD0hDf?Q_DL=e5weCGYACSnS4BL_06es9yDkSMD0hDf_MLRP_02H3mqnNwWSyKCV&Q_CHL=gl,,MU677446,https://short.iseralaska.org/MU677446,,,,
COFFMAN COVE BT HSE & LDGE LLC,PO BOX 18157             ,                         ,COFFMAN COVE        ,AK,99918,http://uaa.co1.qualtrics.com/jfe/form/SV_06es9yDkSMD0hDf?Q_DL=e5weCGYACSnS4BL_06es9yDkSMD0hDf_MLRP_cC5z5XUiZI8D2rr&Q_CHL=gl,,YJ784118,https://short.iseralaska.org/YJ784118,,,,
COFFMAN COVE BUNKHOUSE LLC,PO BOX 18107             ,                         ,COFFMAN COVE        ,AK,99918,http://uaa.co1.qualtrics.com/jfe/form/SV_06es9yDkSMD0hDf?Q_DL=e5weCGYACSnS4BL_06es9yDkSMD0hDf_MLRP_2geZ02jFe5PwK5T&Q_CHL=gl,,UL212445,https://short.iseralaska.org/UL212445,,,,
COLDWATER TAXI AND FREIGHT LLC,PO BOX 709               ,                         ,HOMER               ,AK,99603,http://uaa.co1.qualtrics.com/jfe/form/SV_06es9yDkSMD0hDf?Q_DL=e5weCGYACSnS4BL_06es9yDkSMD0hDf_MLRP_7U6iT2Q4WXVk9PD&Q_CHL=gl,,AT885383,https://short.iseralaska.org/AT885383,,,,
CONOCO PHILLIPS AK INC,PO BOX 196105 KSRC NSK 28,                         ,ANCHORAGE           ,AK,99519,http://uaa.co1.qualtrics.com/jfe/form/SV_06es9yDkSMD0hDf?Q_DL=e5weCGYACSnS4BL_06es9yDkSMD0hDf_MLRP_agHjrbl4EK79PDf&Q_CHL=gl,,LX296815,https://short.iseralaska.org/LX296815,,,,
CONOCO PHILLIPS INC/ALPINE,PO BOX 100360 ALP-14     ,                         ,ANCHORAGE           ,AK,99510,http://uaa.co1.qualtrics.com/jfe/form/SV_06es9yDkSMD0hDf?Q_DL=e5weCGYACSnS4BL_06es9yDkSMD0hDf_MLRP_aYrWemuKu4RMOl7&Q_CHL=gl,,AZ549959,https://short.iseralaska.org/AZ549959,,,,
COOK INLET AQUACULTURE ASSOC,40610 K-BEACH ROAD       ,                         ,KENAI               ,AK,99611,http://uaa.co1.qualtrics.com/jfe/form/SV_06es9yDkSMD0hDf?Q_DL=e5weCGYACSnS4BL_06es9yDkSMD0hDf_MLRP_2fRHzaVmE3kNOaF&Q_CHL=gl,,AK568612,https://short.iseralaska.org/AK568612,,,,
COOK INLET AQUACULTURE,40610 K BEACH RD         ,                         ,KENAI               ,AK,99611,http://uaa.co1.qualtrics.com/jfe/form/SV_06es9yDkSMD0hDf?Q_DL=e5weCGYACSnS4BL_06es9yDkSMD0hDf_MLRP_0VxEcaHhQ6zxZk1&Q_CHL=gl,,BK266693,https://short.iseralaska.org/BK266693,,,,
COOK INLET AQUACULTURE,40610 KALIFONSKI BEACH   ,                         ,KENAI               ,AK,99611,http://uaa.co1.qualtrics.com/jfe/form/SV_06es9yDkSMD0hDf?Q_DL=e5weCGYACSnS4BL_06es9yDkSMD0hDf_MLRP_3h28UoIvBwGrUGx&Q_CHL=gl,,HT105027,https://short.iseralaska.org/HT105027,,,,
CRAIG TRIBAL ASSOCIATION,PO BOX 828               ,                         ,CRAIG               ,AK,99921,http://uaa.co1.qualtrics.com/jfe/form/SV_06es9yDkSMD0hDf?Q_DL=e5weCGYACSnS4BL_06es9yDkSMD0hDf_MLRP_9XlfMRr2sXVdhaZ&Q_CHL=gl,,FX539946,https://short.iseralaska.org/FX539946,,,,
DEEP BLUE CHARTER,PO BOX 274               ,                         ,GUSTAVUS            ,AK,99826,http://uaa.co1.qualtrics.com/jfe/form/SV_06es9yDkSMD0hDf?Q_DL=e5weCGYACSnS4BL_06es9yDkSMD0hDf_MLRP_eyudvdBKrKpq5k9&Q_CHL=gl,,BM739673,https://short.iseralaska.org/BM739673,,,,
DEEPSTRIKE SPORTFISHING LLC,PO BOX 575               ,                         ,ANCHOR POINT        ,AK,99556,http://uaa.co1.qualtrics.com/jfe/form/SV_06es9yDkSMD0hDf?Q_DL=e5weCGYACSnS4BL_06es9yDkSMD0hDf_MLRP_6VcQdsLPG4usnVb&Q_CHL=gl,,AK772282,https://short.iseralaska.org/AK772282,,,,
DOC WARNER'S AK FISHING LLC,1673 TEMPLE VIEW DRIVE   ,                         ,BOUNTIFUL           ,UT,84010,http://uaa.co1.qualtrics.com/jfe/form/SV_06es9yDkSMD0hDf?Q_DL=e5weCGYACSnS4BL_06es9yDkSMD0hDf_MLRP_6SgjEl1gspvtzKt&Q_CHL=gl,,RI134546,https://short.iseralaska.org/RI134546,,,,
DOUGLAS ISLAND PINK & CHUM INC,2697 CHANNEL DRIVE       ,                         ,JUNEAU              ,AK,99801,http://uaa.co1.qualtrics.com/jfe/form/SV_06es9yDkSMD0hDf?Q_DL=e5weCGYACSnS4BL_06es9yDkSMD0hDf_MLRP_0lngf4ETrGdjIwd&Q_CHL=gl,,RC902477,https://short.iseralaska.org/RC902477,,,,
EAGLES WINGS RETREAT LLC,P O BOX 384              ,                         ,KLAWOCK             ,AK,99925,http://uaa.co1.qualtrics.com/jfe/form/SV_06es9yDkSMD0hDf?Q_DL=e5weCGYACSnS4BL_06es9yDkSMD0hDf_MLRP_0ClewsgnS9MGD6l&Q_CHL=gl,,JG969809,https://short.iseralaska.org/JG969809,,,,
EARL NOLAN BENNETT TRST 1 2012,PO BOX 1605              ,                         ,VALDEZ              ,AK,99686,http://uaa.co1.qualtrics.com/jfe/form/SV_06es9yDkSMD0hDf?Q_DL=e5weCGYACSnS4BL_06es9yDkSMD0hDf_MLRP_5hjoUY5wKUpFRtj&Q_CHL=gl,,AH267286,https://short.iseralaska.org/AH267286,,,,
ENI DEVELOPMENT,PO BOX 111228            ,                         ,ANCHORAGE           ,AK,99511,http://uaa.co1.qualtrics.com/jfe/form/SV_06es9yDkSMD0hDf?Q_DL=e5weCGYACSnS4BL_06es9yDkSMD0hDf_MLRP_2lqGKqnlp4pwp6d&Q_CHL=gl,,SJ345572,https://short.iseralaska.org/SJ345572,,,,
EPIC ANGLING AND ADVENTURE LLC,2319 WESTOAK DR          ,                         ,AUSTIN              ,TX,78704,http://uaa.co1.qualtrics.com/jfe/form/SV_06es9yDkSMD0hDf?Q_DL=e5weCGYACSnS4BL_06es9yDkSMD0hDf_MLRP_38bssCH3z3MmKZ7&Q_CHL=gl,,YW827368,https://short.iseralaska.org/YW827368,,,,
ETRAC EQUIPMENT LLC,617 KNIK GOOSEBAY RD STE ,C                        ,WASILLA             ,AK,99654,http://uaa.co1.qualtrics.com/jfe/form/SV_06es9yDkSMD0hDf?Q_DL=e5weCGYACSnS4BL_06es9yDkSMD0hDf_MLRP_e8p3H4sklJcq805&Q_CHL=gl,,OM912780,https://short.iseralaska.org/OM912780,,,,
EXIT GLACIER GUIDES,PO BOX 1812              ,                         ,SEWARD              ,AK,99664,http://uaa.co1.qualtrics.com/jfe/form/SV_06es9yDkSMD0hDf?Q_DL=e5weCGYACSnS4BL_06es9yDkSMD0hDf_MLRP_3QSnbH7i8surVdz&Q_CHL=gl,,XW427535,https://short.iseralaska.org/XW427535,,,,
FARLEY MARINE LLC,PO BOX 723               ,                         ,NOME                ,AK,99762,http://uaa.co1.qualtrics.com/jfe/form/SV_06es9yDkSMD0hDf?Q_DL=e5weCGYACSnS4BL_06es9yDkSMD0hDf_MLRP_0TevLpALrebR4FL&Q_CHL=gl,,IO430616,https://short.iseralaska.org/IO430616,,,,
FEJES GUIDE SERVICE LTD,PO BOX 111394            ,                         ,ANCHORAGE           ,AK,99511,http://uaa.co1.qualtrics.com/jfe/form/SV_06es9yDkSMD0hDf?Q_DL=e5weCGYACSnS4BL_06es9yDkSMD0hDf_MLRP_9M49Cz14kH6ofGd&Q_CHL=gl,,YQ548618,https://short.iseralaska.org/YQ548618,,,,
FISH 907 GUIDE SERVICE LLC,9549 VICTOR RD           ,                         ,ANCHORAGE           ,AK,99515,http://uaa.co1.qualtrics.com/jfe/form/SV_06es9yDkSMD0hDf?Q_DL=e5weCGYACSnS4BL_06es9yDkSMD0hDf_MLRP_37vi3tfkoXJYAPX&Q_CHL=gl,,OO513999,https://short.iseralaska.org/OO513999,,,,
FISHMASTERS INN CHARTERS,PO BOX 33484             ,                         ,JUNEAU              ,AK,99803,http://uaa.co1.qualtrics.com/jfe/form/SV_06es9yDkSMD0hDf?Q_DL=e5weCGYACSnS4BL_06es9yDkSMD0hDf_MLRP_0BU8DapEXtzG1nv&Q_CHL=gl,,EI744462,https://short.iseralaska.org/EI744462,,,,
FORTY-NINER MARINE SERVICE LLC,2101 E 63RD AVENUE       ,                         ,ANCHORAGE           ,AK,99507,http://uaa.co1.qualtrics.com/jfe/form/SV_06es9yDkSMD0hDf?Q_DL=e5weCGYACSnS4BL_06es9yDkSMD0hDf_MLRP_1Gkl1FTWpjD8WIl&Q_CHL=gl,,LG276059,https://short.iseralaska.org/LG276059,,,,
FREDERICK SURA REV LVG TRUST,PO BOX 110546            ,                         ,ANCHORAGE           ,AK,99511,http://uaa.co1.qualtrics.com/jfe/form/SV_06es9yDkSMD0hDf?Q_DL=e5weCGYACSnS4BL_06es9yDkSMD0hDf_MLRP_9Y1IjPNgYDlfk1L&Q_CHL=gl,,BF139620,https://short.iseralaska.org/BF139620,,,,
GASTINEAU GUIDING COMPANY,1330 EASTAUGH WAY        ,                         ,JUNEAU              ,AK,99801,http://uaa.co1.qualtrics.com/jfe/form/SV_06es9yDkSMD0hDf?Q_DL=e5weCGYACSnS4BL_06es9yDkSMD0hDf_MLRP_2u7Hp2exL6RRBJj&Q_CHL=gl,,OS114075,https://short.iseralaska.org/OS114075,,,,
GCI GENERAL COMMUNICATION .INC,PO BOX 1349              ,                         ,DILLINGHAM          ,AK,99576,http://uaa.co1.qualtrics.com/jfe/form/SV_06es9yDkSMD0hDf?Q_DL=e5weCGYACSnS4BL_06es9yDkSMD0hDf_MLRP_eLpd0qzK91Aoeod&Q_CHL=gl,,FF382206,https://short.iseralaska.org/FF382206,,,,
GCI GENERAL COMMUNICATION.INC,PO BOX 1349              ,                         ,DILLINGHAM          ,AK,99576,http://uaa.co1.qualtrics.com/jfe/form/SV_06es9yDkSMD0hDf?Q_DL=e5weCGYACSnS4BL_06es9yDkSMD0hDf_MLRP_eVTc0fVyTb0A0Hb&Q_CHL=gl,,VE550966,https://short.iseralaska.org/VE550966,,,,
GEEKS IN THE WOODS,PO BOX 1935              ,                         ,VALDEZ              ,AK,99686,http://uaa.co1.qualtrics.com/jfe/form/SV_06es9yDkSMD0hDf?Q_DL=e5weCGYACSnS4BL_06es9yDkSMD0hDf_MLRP_3sdQQIAw9Ub5bfv&Q_CHL=gl,,JE771249,https://short.iseralaska.org/JE771249,,,,
GENERAL COMMUNICATIONS INC,PO BOX 1349              ,                         ,DILLINGHAM          ,AK,99576,http://uaa.co1.qualtrics.com/jfe/form/SV_06es9yDkSMD0hDf?Q_DL=e5weCGYACSnS4BL_06es9yDkSMD0hDf_MLRP_5AA4WoNRvup8oex&Q_CHL=gl,,HM527221,https://short.iseralaska.org/HM527221,,,,
GEORGE & TERESA FRENCH FAM TRS,7291 S FRANCES AVE       ,                         ,TUCSON              ,AZ,85706,http://uaa.co1.qualtrics.com/jfe/form/SV_06es9yDkSMD0hDf?Q_DL=e5weCGYACSnS4BL_06es9yDkSMD0hDf_MLRP_6ys9DeJdr9vdaAJ&Q_CHL=gl,,YK279450,https://short.iseralaska.org/YK279450,,,,
GOLDEN WAVE LLC,PO BOX 2271              ,                         ,GLOBE               ,AZ,85502,http://uaa.co1.qualtrics.com/jfe/form/SV_06es9yDkSMD0hDf?Q_DL=e5weCGYACSnS4BL_06es9yDkSMD0hDf_MLRP_9QBUQiWHCir8RI9&Q_CHL=gl,,NZ766458,https://short.iseralaska.org/NZ766458,1,,,
GORDON STEEL DAVIS,PO BOX 123               ,                         ,LARSEN BAY          ,AK,99624,http://uaa.co1.qualtrics.com/jfe/form/SV_06es9yDkSMD0hDf?Q_DL=e5weCGYACSnS4BL_06es9yDkSMD0hDf_MLRP_57udcnEIRpOfbA9&Q_CHL=gl,,PZ190338,https://short.iseralaska.org/PZ190338,,,,
GRANT ISLAND TRANSPORT COMPANY,1471 TONGASS AVE         ,                         ,KETCHIKAN           ,AK,99901,http://uaa.co1.qualtrics.com/jfe/form/SV_06es9yDkSMD0hDf?Q_DL=e5weCGYACSnS4BL_06es9yDkSMD0hDf_MLRP_869EgLaPTEG6enX&Q_CHL=gl,,SQ397418,https://short.iseralaska.org/SQ397418,,,,
GREAT LAND ADVENTURES LLC,915 SOUTH 137TH ST       ,                         ,BURIEN              ,WA,98168,http://uaa.co1.qualtrics.com/jfe/form/SV_06es9yDkSMD0hDf?Q_DL=e5weCGYACSnS4BL_06es9yDkSMD0hDf_MLRP_3xWEWDfY5BYLR41&Q_CHL=gl,,CS956001,https://short.iseralaska.org/CS956001,,,,
GREENLING ENTERPRISES LLC,P O BOX 132              ,                         ,SITKA               ,AK,99835,http://uaa.co1.qualtrics.com/jfe/form/SV_06es9yDkSMD0hDf?Q_DL=e5weCGYACSnS4BL_06es9yDkSMD0hDf_MLRP_006jo5geKqIeRyl&Q_CHL=gl,,ZW620342,https://short.iseralaska.org/ZW620342,,,,
GUTH INCORPORATED,P.O. BOX 387             ,                         ,SOLDOTNA            ,AK,99669,http://uaa.co1.qualtrics.com/jfe/form/SV_06es9yDkSMD0hDf?Q_DL=e5weCGYACSnS4BL_06es9yDkSMD0hDf_MLRP_3Xn3I1GfLr4fqvz&Q_CHL=gl,,UC376906,https://short.iseralaska.org/UC376906,,,,
GWINS RESORTS LLC,PO BOX 769               ,                         ,COOPER LANDING      ,AK,99572,http://uaa.co1.qualtrics.com/jfe/form/SV_06es9yDkSMD0hDf?Q_DL=e5weCGYACSnS4BL_06es9yDkSMD0hDf_MLRP_em6WsJ5ahVEX0ZD&Q_CHL=gl,,OY785139,https://short.iseralaska.org/OY785139,,,,
HALF YARD PRODUCTIONS,4922 FAIRMONT AVE STE 300,                         ,BETHESDA            ,MD,20814,http://uaa.co1.qualtrics.com/jfe/form/SV_06es9yDkSMD0hDf?Q_DL=e5weCGYACSnS4BL_06es9yDkSMD0hDf_MLRP_9MJ5OnkRXvF6uqN&Q_CHL=gl,,NM566873,https://short.iseralaska.org/NM566873,,,,
HAMAN FAMILY LTD PARTNERSHIP,1605 MARIKA RD           ,                         ,FAIRBANKS           ,AK,99709,http://uaa.co1.qualtrics.com/jfe/form/SV_06es9yDkSMD0hDf?Q_DL=e5weCGYACSnS4BL_06es9yDkSMD0hDf_MLRP_bOClQB9moKf61E1&Q_CHL=gl,,EA370637,https://short.iseralaska.org/EA370637,,,,
HAMILTON CONSTRUCTION LLC,PO BOX 648               ,                         ,SKAGWAY             ,AK,99840,http://uaa.co1.qualtrics.com/jfe/form/SV_06es9yDkSMD0hDf?Q_DL=e5weCGYACSnS4BL_06es9yDkSMD0hDf_MLRP_d6AjbkJbo6MEYy9&Q_CHL=gl,,HV669349,https://short.iseralaska.org/HV669349,,,,
HARTMAN FAMILY RVCBL LVG TRUST,PO BOX 520316            ,                         ,BIG LAKE            ,AK,99652,http://uaa.co1.qualtrics.com/jfe/form/SV_06es9yDkSMD0hDf?Q_DL=e5weCGYACSnS4BL_06es9yDkSMD0hDf_MLRP_6x4AJ8b8pcncU8l&Q_CHL=gl,,TN284823,https://short.iseralaska.org/TN284823,,,,
HER-A-KANE,PO BOX 520502            ,                         ,BIG LAKE            ,AK,99652,http://uaa.co1.qualtrics.com/jfe/form/SV_06es9yDkSMD0hDf?Q_DL=e5weCGYACSnS4BL_06es9yDkSMD0hDf_MLRP_0fwjfwWI4StOvUF&Q_CHL=gl,,KD120411,https://short.iseralaska.org/KD120411,,,,
HILCORP ALASKA LLC,PO BOX 244027            ,                         ,ANCHORAGE           ,AK,99524,http://uaa.co1.qualtrics.com/jfe/form/SV_06es9yDkSMD0hDf?Q_DL=e5weCGYACSnS4BL_06es9yDkSMD0hDf_MLRP_e2uLEgSushhvo9L&Q_CHL=gl,,XI406914,https://short.iseralaska.org/XI406914,,,,
HOLLIS ADVEBNTURE RENTALS CO,PO BOX 1041              ,                         ,CRAIG               ,AK,99921,http://uaa.co1.qualtrics.com/jfe/form/SV_06es9yDkSMD0hDf?Q_DL=e5weCGYACSnS4BL_06es9yDkSMD0hDf_MLRP_9z6568oGHHiqebz&Q_CHL=gl,,FZ718314,https://short.iseralaska.org/FZ718314,,,,
HOOD BAY CORPORATION,9360 GLACIER HWY.,,,,,,,,,,,,
HOPE FISHING CHARTERS LLC,PO BOX 143               ,                         ,HOPE                ,AK,99605,http://uaa.co1.qualtrics.com/jfe/form/SV_06es9yDkSMD0hDf?Q_DL=e5weCGYACSnS4BL_06es9yDkSMD0hDf_MLRP_09y6DufaAfTBKYd&Q_CHL=gl,,HD877693,https://short.iseralaska.org/HD877693,,,,
ICICLE SEAFOODS INC,PO BOX 1147              ,                         ,PETERSBURG          ,AK,99833,http://uaa.co1.qualtrics.com/jfe/form/SV_06es9yDkSMD0hDf?Q_DL=e5weCGYACSnS4BL_06es9yDkSMD0hDf_MLRP_0VahmZ50COg3mSx&Q_CHL=gl,,QT366065,https://short.iseralaska.org/QT366065,,,,
ILLIAMNA RIVER LODGE,PO BOX 330               ,                         ,PEDRO BAY           ,AK,99647,http://uaa.co1.qualtrics.com/jfe/form/SV_06es9yDkSMD0hDf?Q_DL=e5weCGYACSnS4BL_06es9yDkSMD0hDf_MLRP_4OeebeX3q4Cp2U5&Q_CHL=gl,,SF900463,https://short.iseralaska.org/SF900463,,,,
ISLANDVIEW RESORT & CHARTERS,P O BOX 6243             ,                         ,SITKA               ,AK,99835,http://uaa.co1.qualtrics.com/jfe/form/SV_06es9yDkSMD0hDf?Q_DL=e5weCGYACSnS4BL_06es9yDkSMD0hDf_MLRP_6Kxnr6twJIEDyxD&Q_CHL=gl,,UD572832,https://short.iseralaska.org/UD572832,,,,
ISLES REVOCABLE TRUST,16565 POINT LENA LP RD   ,                         ,JUNEAU              ,AK,99801,http://uaa.co1.qualtrics.com/jfe/form/SV_06es9yDkSMD0hDf?Q_DL=e5weCGYACSnS4BL_06es9yDkSMD0hDf_MLRP_bgaKcoIjSesb24d&Q_CHL=gl,,YA645637,https://short.iseralaska.org/YA645637,,,,
JAMES & STEPHANIE QUEEN TRUST,305 RIDGEWOOD DR         ,                         ,SOLDOTNA            ,AK,99669,http://uaa.co1.qualtrics.com/jfe/form/SV_06es9yDkSMD0hDf?Q_DL=e5weCGYACSnS4BL_06es9yDkSMD0hDf_MLRP_1ySqgqn1BZYdd8p&Q_CHL=gl,,CE423208,https://short.iseralaska.org/CE423208,,,,
JERRY & SUSAN DANIELS LIV TRST,3700 GUNWALE CT          ,                         ,ANCHORAGE           ,AK,99516,http://uaa.co1.qualtrics.com/jfe/form/SV_06es9yDkSMD0hDf?Q_DL=e5weCGYACSnS4BL_06es9yDkSMD0hDf_MLRP_bl74cELeIV076AZ&Q_CHL=gl,,FL279232,https://short.iseralaska.org/FL279232,,,,
JOHN C & LINSEY A KLINGEL TRST,1040 EASTWOOD LANE       ,                         ,FAIRBANKS           ,AK,99712,http://uaa.co1.qualtrics.com/jfe/form/SV_06es9yDkSMD0hDf?Q_DL=e5weCGYACSnS4BL_06es9yDkSMD0hDf_MLRP_3z8J5MIIehZZP6J&Q_CHL=gl,,QW244903,https://short.iseralaska.org/QW244903,,,,
JON RYAN FURLONG IRREV TRUST,2171 S YUKON CIRCLE      ,                         ,WASILLA             ,AK,99654,http://uaa.co1.qualtrics.com/jfe/form/SV_06es9yDkSMD0hDf?Q_DL=e5weCGYACSnS4BL_06es9yDkSMD0hDf_MLRP_3efZlvyMb9CNiwR&Q_CHL=gl,,KY991624,https://short.iseralaska.org/KY991624,,,,
JUNEAU SPORT FISHING,PO BOX 20438             ,                         ,JUNEAU              ,AK,99802,http://uaa.co1.qualtrics.com/jfe/form/SV_06es9yDkSMD0hDf?Q_DL=e5weCGYACSnS4BL_06es9yDkSMD0hDf_MLRP_3PovvlTt6bHOIlL&Q_CHL=gl,,OY664468,https://short.iseralaska.org/OY664468,,,,
JUNEAU YOUTH SAILING,POB 21286                ,                         ,JUNEAU              ,AK,99802,http://uaa.co1.qualtrics.com/jfe/form/SV_06es9yDkSMD0hDf?Q_DL=e5weCGYACSnS4BL_06es9yDkSMD0hDf_MLRP_9GBDetVpCjHPBid&Q_CHL=gl,,BS590226,https://short.iseralaska.org/BS590226,,,,
KACHEMAK BAY OCEAN INV,650 N MAIN ST            ,                         ,DELTA               ,CO,81416,http://uaa.co1.qualtrics.com/jfe/form/SV_06es9yDkSMD0hDf?Q_DL=e5weCGYACSnS4BL_06es9yDkSMD0hDf_MLRP_aftibAKfWlcdoUd&Q_CHL=gl,,VW196266,https://short.iseralaska.org/VW196266,,,,
KATMAI AIR,4125 AIRCRAFT DR         ,                         ,ANCHORAGE           ,AK,99502,http://uaa.co1.qualtrics.com/jfe/form/SV_06es9yDkSMD0hDf?Q_DL=e5weCGYACSnS4BL_06es9yDkSMD0hDf_MLRP_9Az1Kmt3A0IRIH3&Q_CHL=gl,,WK825317,https://short.iseralaska.org/WK825317,,,,
KATMAI AIR,4125 AIRCRAFT DR         ,                         ,ANCHORAGE           ,AK,99502,http://uaa.co1.qualtrics.com/jfe/form/SV_06es9yDkSMD0hDf?Q_DL=e5weCGYACSnS4BL_06es9yDkSMD0hDf_MLRP_dmQur0BYVXM9xiZ&Q_CHL=gl,,RB628761,https://short.iseralaska.org/RB628761,,,,
KATMAILAND INC,4125 AIRCRAFT DR STE 2   ,                         ,ANCHORAGE           ,AK,99502,http://uaa.co1.qualtrics.com/jfe/form/SV_06es9yDkSMD0hDf?Q_DL=e5weCGYACSnS4BL_06es9yDkSMD0hDf_MLRP_1zcCjoKeOU3UcPX&Q_CHL=gl,,JZ609634,https://short.iseralaska.org/JZ609634,,,,
KATMAILAND INC,4125 AIRCRAFT DRIVE      ,                         ,ANCHORAGE           ,AK,99502,http://uaa.co1.qualtrics.com/jfe/form/SV_06es9yDkSMD0hDf?Q_DL=e5weCGYACSnS4BL_06es9yDkSMD0hDf_MLRP_abXnZTOJaBey4Hb&Q_CHL=gl,,BN108316,https://short.iseralaska.org/BN108316,,,,
KDK LTD,PO BOX 10541             ,                         ,FAIRBANKS           ,AK,99710,http://uaa.co1.qualtrics.com/jfe/form/SV_06es9yDkSMD0hDf?Q_DL=e5weCGYACSnS4BL_06es9yDkSMD0hDf_MLRP_8icKPE0xIjmhmCN&Q_CHL=gl,,FT996868,https://short.iseralaska.org/FT996868,,,,
KENAI BACKCOUNTRY ADV LLC,PO BOX 39110             ,                         ,NINILCHIK           ,AK,99639,http://uaa.co1.qualtrics.com/jfe/form/SV_06es9yDkSMD0hDf?Q_DL=e5weCGYACSnS4BL_06es9yDkSMD0hDf_MLRP_9tqs4r7RDN37B4h&Q_CHL=gl,,TX231666,https://short.iseralaska.org/TX231666,,,,
KENAI RIVER COWBOYS LLC,10201 JACKPOT BAY_CIR    ,                         ,ANCHORAGE           ,AK,99515,http://uaa.co1.qualtrics.com/jfe/form/SV_06es9yDkSMD0hDf?Q_DL=e5weCGYACSnS4BL_06es9yDkSMD0hDf_MLRP_2s2o73J4Vmvy4y9&Q_CHL=gl,,GG612832,https://short.iseralaska.org/GG612832,,,,
KENAI RIVER GROUP LLC,738 N 500 W              ,                         ,AMERICAN FORK       ,UT,84003,http://uaa.co1.qualtrics.com/jfe/form/SV_06es9yDkSMD0hDf?Q_DL=e5weCGYACSnS4BL_06es9yDkSMD0hDf_MLRP_9H3qT2JOOstEBr7&Q_CHL=gl,,VS969391,https://short.iseralaska.org/VS969391,,,,
KERMIT SMALL FAMILY TRUST,PO BOX 39612             ,                         ,NINILCHIK           ,AK,99639,http://uaa.co1.qualtrics.com/jfe/form/SV_06es9yDkSMD0hDf?Q_DL=e5weCGYACSnS4BL_06es9yDkSMD0hDf_MLRP_6Wr6TAbRyNQNROJ&Q_CHL=gl,,ZR814476,https://short.iseralaska.org/ZR814476,,,,
KETCHIKAN HIGH SCHOOL,333 SCHOENBAR ROAD       ,                         ,KETCHIKAN           ,AK,99901,http://uaa.co1.qualtrics.com/jfe/form/SV_06es9yDkSMD0hDf?Q_DL=e5weCGYACSnS4BL_06es9yDkSMD0hDf_MLRP_b7OIbFT5uzt4THv&Q_CHL=gl,,HI558257,https://short.iseralaska.org/HI558257,,,,
KIEWIT INFRASTRUCTURE WEST CO,10421 VFW RD SUITE 102   ,                         ,EAGLE RIVER         ,AK,99577,http://uaa.co1.qualtrics.com/jfe/form/SV_06es9yDkSMD0hDf?Q_DL=e5weCGYACSnS4BL_06es9yDkSMD0hDf_MLRP_eeRPJz3sV7QEPLD&Q_CHL=gl,,TV373687,https://short.iseralaska.org/TV373687,1,,,
KILLISNOO HARBOR LLC,BOX 101                  ,                         ,ANGOON              ,AK,99820,http://uaa.co1.qualtrics.com/jfe/form/SV_06es9yDkSMD0hDf?Q_DL=e5weCGYACSnS4BL_06es9yDkSMD0hDf_MLRP_cBERfRo1LwJgMe1&Q_CHL=gl,,GY632960,https://short.iseralaska.org/GY632960,,,,
KING POINT FISHING LODGE,9321 BLACKBERRY          ,                         ,ANCHORAGE           ,AK,99502,http://uaa.co1.qualtrics.com/jfe/form/SV_06es9yDkSMD0hDf?Q_DL=e5weCGYACSnS4BL_06es9yDkSMD0hDf_MLRP_01k72YFlOrnZGst&Q_CHL=gl,,RS497596,https://short.iseralaska.org/RS497596,,,,
KING POINT FISHING LODGE,9321 BLACKBERRY STREET   ,                         ,ANCHORAGE           ,AK,99502,http://uaa.co1.qualtrics.com/jfe/form/SV_06es9yDkSMD0hDf?Q_DL=e5weCGYACSnS4BL_06es9yDkSMD0hDf_MLRP_2hn47uYgdBbdpGZ&Q_CHL=gl,,UV902037,https://short.iseralaska.org/UV902037,,,,
KINNETIC LABORATORIES INC,704 W 2ND AVE            ,                         ,ANCHORAGE           ,AK,99501,http://uaa.co1.qualtrics.com/jfe/form/SV_06es9yDkSMD0hDf?Q_DL=e5weCGYACSnS4BL_06es9yDkSMD0hDf_MLRP_6Q29W0Oo29p0SEZ&Q_CHL=gl,,KK161615,https://short.iseralaska.org/KK161615,,,,
KINNETIC LABORATORIES,704 W 2ND AVE            ,                         ,ANCHORAGE           ,AK,99501,http://uaa.co1.qualtrics.com/jfe/form/SV_06es9yDkSMD0hDf?Q_DL=e5weCGYACSnS4BL_06es9yDkSMD0hDf_MLRP_3PluKVIcaRkQ4h7&Q_CHL=gl,,EL537863,https://short.iseralaska.org/EL537863,,,,
KLONTZ & KLONTZ LLC,814 54TH ST SE           ,                         ,AUBURN              ,WA,98092,http://uaa.co1.qualtrics.com/jfe/form/SV_06es9yDkSMD0hDf?Q_DL=e5weCGYACSnS4BL_06es9yDkSMD0hDf_MLRP_6sCH2sW9ZWQbRHf&Q_CHL=gl,,NV768828,https://short.iseralaska.org/NV768828,,,,
KODIAK AREA NATIVE ASSOCIATION,3449 REZANOF DR EAST     ,                         ,KODIAK              ,AK,99615,http://uaa.co1.qualtrics.com/jfe/form/SV_06es9yDkSMD0hDf?Q_DL=e5weCGYACSnS4BL_06es9yDkSMD0hDf_MLRP_0IdVUlpMbWVpz7L&Q_CHL=gl,,WF479386,https://short.iseralaska.org/WF479386,,,,
KODIAK LUCKY HOOK CHARTERS,PO BOX 88                ,                         ,KODIAK              ,AK,99615,http://uaa.co1.qualtrics.com/jfe/form/SV_06es9yDkSMD0hDf?Q_DL=e5weCGYACSnS4BL_06es9yDkSMD0hDf_MLRP_bClFnRknls0pjNj&Q_CHL=gl,,CU582005,https://short.iseralaska.org/CU582005,,,,
KODIAK REGIONAL AQUACULTURE,104 CENTER AVE SUITE 205 ,                         ,KODIAK              ,AK,99615,http://uaa.co1.qualtrics.com/jfe/form/SV_06es9yDkSMD0hDf?Q_DL=e5weCGYACSnS4BL_06es9yDkSMD0hDf_MLRP_0SsdnYViZ3iYauF&Q_CHL=gl,,IQ645262,https://short.iseralaska.org/IQ645262,,,,
KRAMER HUNT CLUB TRUST 52-3291,C/O PO BOX 373           ,                         ,STERLING            ,AK,99672,http://uaa.co1.qualtrics.com/jfe/form/SV_06es9yDkSMD0hDf?Q_DL=e5weCGYACSnS4BL_06es9yDkSMD0hDf_MLRP_1N5yJ38zXwlfsWx&Q_CHL=gl,,DM212035,https://short.iseralaska.org/DM212035,,,,
KROTO CREEK LLC,16880 OLENA POINT CIR    ,                         ,ANCHORAGE           ,AK,99516,http://uaa.co1.qualtrics.com/jfe/form/SV_06es9yDkSMD0hDf?Q_DL=e5weCGYACSnS4BL_06es9yDkSMD0hDf_MLRP_557UIdsH818IUCx&Q_CHL=gl,,EY496658,https://short.iseralaska.org/EY496658,,,,
L DANIEL & D GIFFEN L TRUST,PO BOX 213               ,                         ,PALMER              ,AK,99645,http://uaa.co1.qualtrics.com/jfe/form/SV_06es9yDkSMD0hDf?Q_DL=e5weCGYACSnS4BL_06es9yDkSMD0hDf_MLRP_bK6QG3ZulVfuYYt&Q_CHL=gl,,LG806145,https://short.iseralaska.org/LG806145,,,,
LARSEN BAY OUTDOORS LLC,PO BOX 325               ,                         ,GARDEN VALLEY       ,ID,83622,http://uaa.co1.qualtrics.com/jfe/form/SV_06es9yDkSMD0hDf?Q_DL=e5weCGYACSnS4BL_06es9yDkSMD0hDf_MLRP_71li9qc723MjlOZ&Q_CHL=gl,,NT742365,https://short.iseralaska.org/NT742365,,,,
LEONARDS LANDING LODGE INC,BOX 282                  ,                         ,YAKUTAT             ,AK,99689,http://uaa.co1.qualtrics.com/jfe/form/SV_06es9yDkSMD0hDf?Q_DL=e5weCGYACSnS4BL_06es9yDkSMD0hDf_MLRP_0xfMjK0fhaVzcPP&Q_CHL=gl,,JY179443,https://short.iseralaska.org/JY179443,,,,
LEOS VEHICLES LLC,PO BOX 283               ,                         ,YAKUTAT             ,AK,99689,http://uaa.co1.qualtrics.com/jfe/form/SV_06es9yDkSMD0hDf?Q_DL=e5weCGYACSnS4BL_06es9yDkSMD0hDf_MLRP_7X1NXg2xv1uEKKp&Q_CHL=gl,,QL235514,https://short.iseralaska.org/QL235514,,,,
LONE STAR ALASKA LLC,4690 ENOCH RD            ,                         ,CLAYTON             ,WA,99110,http://uaa.co1.qualtrics.com/jfe/form/SV_06es9yDkSMD0hDf?Q_DL=e5weCGYACSnS4BL_06es9yDkSMD0hDf_MLRP_ba5PLyr3o0CaV13&Q_CHL=gl,,BU524188,https://short.iseralaska.org/BU524188,,,,
M & T ADVENTURES LLC,1260 ROCK CREEK CIR      ,                         ,LAFAYETTE           ,CO,80026,http://uaa.co1.qualtrics.com/jfe/form/SV_06es9yDkSMD0hDf?Q_DL=e5weCGYACSnS4BL_06es9yDkSMD0hDf_MLRP_bdxb8iX5VpnCZVj&Q_CHL=gl,,PC999684,https://short.iseralaska.org/PC999684,,,,
MAGIC FISH COMPANY,59065 MEADOW LANE        ,                         ,HOMER               ,AK,99603,http://uaa.co1.qualtrics.com/jfe/form/SV_06es9yDkSMD0hDf?Q_DL=e5weCGYACSnS4BL_06es9yDkSMD0hDf_MLRP_6yseeniut15DUHP&Q_CHL=gl,,KP655447,https://short.iseralaska.org/KP655447,,,,
MARBLE SEAFOODS LLC,355 CARLANNA LAKE ROAD   ,                         ,KETCHIKAN           ,AK,99901,http://uaa.co1.qualtrics.com/jfe/form/SV_06es9yDkSMD0hDf?Q_DL=e5weCGYACSnS4BL_06es9yDkSMD0hDf_MLRP_eRS5j0xCRsDHrPn&Q_CHL=gl,,DV997007,https://short.iseralaska.org/DV997007,,,,
MATANUSKA SUSITNA BOROUGH,350 E DAHLIA AVE         ,                         ,PALMER              ,AK,99645,http://uaa.co1.qualtrics.com/jfe/form/SV_06es9yDkSMD0hDf?Q_DL=e5weCGYACSnS4BL_06es9yDkSMD0hDf_MLRP_5j0KR8Tac7iHu1n&Q_CHL=gl,,FS636937,https://short.iseralaska.org/FS636937,,,,
MATANUSKA SUSITNA BOROUGH,350 EAST DAHLIA AVE      ,                         ,PALMER              ,AK,99645,http://uaa.co1.qualtrics.com/jfe/form/SV_06es9yDkSMD0hDf?Q_DL=e5weCGYACSnS4BL_06es9yDkSMD0hDf_MLRP_ePx0AOtYqfwISQ5&Q_CHL=gl,,AP524932,https://short.iseralaska.org/AP524932,,,,
MATSON FAMILY TRUST,12530 SNOWBIRD DRIVE     ,                         ,ANCHORAGE           ,AK,99516,http://uaa.co1.qualtrics.com/jfe/form/SV_06es9yDkSMD0hDf?Q_DL=e5weCGYACSnS4BL_06es9yDkSMD0hDf_MLRP_0p0OPh63BfyKakB&Q_CHL=gl,,UT124219,https://short.iseralaska.org/UT124219,,,,
MCDOUGALL LODGE,10939 N ALPINE HWY 128   ,                         ,HIGHLAND            ,UT,84003,http://uaa.co1.qualtrics.com/jfe/form/SV_06es9yDkSMD0hDf?Q_DL=e5weCGYACSnS4BL_06es9yDkSMD0hDf_MLRP_42TMaRpcfNgQhH7&Q_CHL=gl,,WQ797972,https://short.iseralaska.org/WQ797972,,,,
MIDSTATE TRUCK AND TRAILER LLC,1706 SHIP AVE            ,                         ,ANCHORAGE           ,AK,99501,http://uaa.co1.qualtrics.com/jfe/form/SV_06es9yDkSMD0hDf?Q_DL=e5weCGYACSnS4BL_06es9yDkSMD0hDf_MLRP_00qPQYUVvwtgcJf&Q_CHL=gl,,NU783642,https://short.iseralaska.org/NU783642,1,,,
MISSION LODGE,PO BOX 165               ,                         ,ALEKNAGIK           ,AK,99555,http://uaa.co1.qualtrics.com/jfe/form/SV_06es9yDkSMD0hDf?Q_DL=e5weCGYACSnS4BL_06es9yDkSMD0hDf_MLRP_5teouo2LYbl6dSJ&Q_CHL=gl,,MD427494,https://short.iseralaska.org/MD427494,,,,
MOA FIRE DEPARTMENT,1000 AIRPORT HEIGHTS     ,                         ,ANCHORAGE           ,AK,99508,http://uaa.co1.qualtrics.com/jfe/form/SV_06es9yDkSMD0hDf?Q_DL=e5weCGYACSnS4BL_06es9yDkSMD0hDf_MLRP_3UW7IkOzvichoWh&Q_CHL=gl,,IX948379,https://short.iseralaska.org/IX948379,,,,
MOOSEHORN LEASING LLC,3160 WEST CLUBHOUSE DRIVE,                         ,LEHI                ,UT,84043,http://uaa.co1.qualtrics.com/jfe/form/SV_06es9yDkSMD0hDf?Q_DL=e5weCGYACSnS4BL_06es9yDkSMD0hDf_MLRP_6JwgL2nWaGXonhb&Q_CHL=gl,,QC314394,https://short.iseralaska.org/QC314394,,,,
MYREN FAMILY TRUST,25513 36TH PLACE SOUTH   ,                         ,KENT                ,WA,98032,http://uaa.co1.qualtrics.com/jfe/form/SV_06es9yDkSMD0hDf?Q_DL=e5weCGYACSnS4BL_06es9yDkSMD0hDf_MLRP_4TqzAGlkEeMcJWl&Q_CHL=gl,,VI727422,https://short.iseralaska.org/VI727422,,,,
NAKNEK RIVER CAMP,PO BOX 32                ,                         ,KING SALMON         ,AK,99613,http://uaa.co1.qualtrics.com/jfe/form/SV_06es9yDkSMD0hDf?Q_DL=e5weCGYACSnS4BL_06es9yDkSMD0hDf_MLRP_6lNF7eCm79IQrTT&Q_CHL=gl,,IB349519,https://short.iseralaska.org/IB349519,,,,
NIBLACK PROJECT LLC,PO BOX 8295              ,                         ,KETCHIKAN           ,AK,99901,http://uaa.co1.qualtrics.com/jfe/form/SV_06es9yDkSMD0hDf?Q_DL=e5weCGYACSnS4BL_06es9yDkSMD0hDf_MLRP_838QeNNgjwIPvOR&Q_CHL=gl,,WQ713416,https://short.iseralaska.org/WQ713416,,,,
NORMAN MULLAN FISHERIES INC,PO BOX 92                ,                         ,KODIAK              ,AK,99615,http://uaa.co1.qualtrics.com/jfe/form/SV_06es9yDkSMD0hDf?Q_DL=e5weCGYACSnS4BL_06es9yDkSMD0hDf_MLRP_71XpUWjqQbD69b7&Q_CHL=gl,,DG602777,https://short.iseralaska.org/DG602777,,,,
NORTH AMERICAN INDIAN REVIVALS,1366 STEELE CREEK RD     ,                         ,FAIRBANKS           ,AK,99712,http://uaa.co1.qualtrics.com/jfe/form/SV_06es9yDkSMD0hDf?Q_DL=e5weCGYACSnS4BL_06es9yDkSMD0hDf_MLRP_8ChFDlJR7XLuCpL&Q_CHL=gl,,TE606959,https://short.iseralaska.org/TE606959,,,,
NORTHERN LATITUDE ADVENTURES,PO BOX 3305              ,                         ,SEWARD              ,AK,99664,http://uaa.co1.qualtrics.com/jfe/form/SV_06es9yDkSMD0hDf?Q_DL=e5weCGYACSnS4BL_06es9yDkSMD0hDf_MLRP_4ZAyoCjWRWP7Bhb&Q_CHL=gl,,XD350561,https://short.iseralaska.org/XD350561,,,,
NORTHERN SEINERS,PO BOX 392               ,                         ,KODIAK              ,AK,99615,http://uaa.co1.qualtrics.com/jfe/form/SV_06es9yDkSMD0hDf?Q_DL=e5weCGYACSnS4BL_06es9yDkSMD0hDf_MLRP_7R4jmW2H6iDLTxz&Q_CHL=gl,,YY675521,https://short.iseralaska.org/YY675521,,,,
NORTHERN STAR PAINTING&DRYWALL,3065 DOUGHCHEE           ,                         ,NORTH POLE          ,AK,99705,http://uaa.co1.qualtrics.com/jfe/form/SV_06es9yDkSMD0hDf?Q_DL=e5weCGYACSnS4BL_06es9yDkSMD0hDf_MLRP_7TLOX8EsdZBF7kp&Q_CHL=gl,,BN202214,https://short.iseralaska.org/BN202214,,,,
NORTHSTATE PROPERTIES LLC,299 S MAIN ST SUITE 1300 ,                         ,SALT LAKE CITY      ,UT,84111,http://uaa.co1.qualtrics.com/jfe/form/SV_06es9yDkSMD0hDf?Q_DL=e5weCGYACSnS4BL_06es9yDkSMD0hDf_MLRP_efZ15cLZ3Ngy22x&Q_CHL=gl,,HY844209,https://short.iseralaska.org/HY844209,1,,,
OCEAN TRANSPORTATION INC,PO BOX 5240              ,                         ,KETCHIKAN           ,AK,99901,http://uaa.co1.qualtrics.com/jfe/form/SV_06es9yDkSMD0hDf?Q_DL=e5weCGYACSnS4BL_06es9yDkSMD0hDf_MLRP_1NvmKbxu8B7JVPf&Q_CHL=gl,,AQ855965,https://short.iseralaska.org/AQ855965,,,,
OLD HARBOR TRIBAL COUNCIL,PO BOX 62                ,                         ,OLD HARBOR          ,AK,99643,http://uaa.co1.qualtrics.com/jfe/form/SV_06es9yDkSMD0hDf?Q_DL=e5weCGYACSnS4BL_06es9yDkSMD0hDf_MLRP_0NUvJMDPBc24yNf&Q_CHL=gl,,SR358795,https://short.iseralaska.org/SR358795,,,,
OLE CREEK LODGE,506 KETCHIKAN            ,                         ,FAIRBANKS           ,AK,99701,http://uaa.co1.qualtrics.com/jfe/form/SV_06es9yDkSMD0hDf?Q_DL=e5weCGYACSnS4BL_06es9yDkSMD0hDf_MLRP_6zHs8HnhQh0oLul&Q_CHL=gl,,OW797294,https://short.iseralaska.org/OW797294,,,,
ORGANIZED VILLAGE OF KASAAN,PO BOX 26                ,                         ,KASAAN              ,AK,99950,http://uaa.co1.qualtrics.com/jfe/form/SV_06es9yDkSMD0hDf?Q_DL=e5weCGYACSnS4BL_06es9yDkSMD0hDf_MLRP_baojWoQI6udZhs1&Q_CHL=gl,,UB778373,https://short.iseralaska.org/UB778373,,,,
ORION MARINE CONTRACTORS INC,740 BONANZA AVENUE       ,                         ,ANCHORAGE           ,AK,99518,http://uaa.co1.qualtrics.com/jfe/form/SV_06es9yDkSMD0hDf?Q_DL=e5weCGYACSnS4BL_06es9yDkSMD0hDf_MLRP_57kjTNAgPyrlrMx&Q_CHL=gl,,TK154113,https://short.iseralaska.org/TK154113,,,,
OTTER ROCK OYSTER CO,3135 KACHEMAK BAY DR     ,                         ,HOMER               ,AK,99603,http://uaa.co1.qualtrics.com/jfe/form/SV_06es9yDkSMD0hDf?Q_DL=e5weCGYACSnS4BL_06es9yDkSMD0hDf_MLRP_0BtBZd5BgTSCr1X&Q_CHL=gl,,CA677744,https://short.iseralaska.org/CA677744,,,,
OUZEL EXPEDITIONS INC,BOX 935                  ,                         ,GIRDWOOD            ,AK,99587,http://uaa.co1.qualtrics.com/jfe/form/SV_06es9yDkSMD0hDf?Q_DL=e5weCGYACSnS4BL_06es9yDkSMD0hDf_MLRP_9oGzoQtcIwo3Rel&Q_CHL=gl,,SC534367,https://short.iseralaska.org/SC534367,,,,
PAINTER CREEK LODGE INC,BOX 462                  ,                         ,PILOT POINT         ,AK,99649,http://uaa.co1.qualtrics.com/jfe/form/SV_06es9yDkSMD0hDf?Q_DL=e5weCGYACSnS4BL_06es9yDkSMD0hDf_MLRP_01m6u1pr9hcdXjT&Q_CHL=gl,,IC518153,https://short.iseralaska.org/IC518153,,,,
PORT ASHTON LODGE,PO BOX 873168            ,                         ,WASILLA             ,AK,99687,http://uaa.co1.qualtrics.com/jfe/form/SV_06es9yDkSMD0hDf?Q_DL=e5weCGYACSnS4BL_06es9yDkSMD0hDf_MLRP_eyYEFzJkYrsBUrj&Q_CHL=gl,,XI146258,https://short.iseralaska.org/XI146258,,,,
PORT LIONS LODGE INC,PO BOX 51                ,                         ,PORT LIONS          ,AK,99550,http://uaa.co1.qualtrics.com/jfe/form/SV_06es9yDkSMD0hDf?Q_DL=e5weCGYACSnS4BL_06es9yDkSMD0hDf_MLRP_1HSRgDd15CzxWDP&Q_CHL=gl,,DP564721,https://short.iseralaska.org/DP564721,,,,
POWELL BOAT LLC,16505 SOUTHCLIFF CIRCLE  ,                         ,ANCHORAGE           ,AK,99516,http://uaa.co1.qualtrics.com/jfe/form/SV_06es9yDkSMD0hDf?Q_DL=e5weCGYACSnS4BL_06es9yDkSMD0hDf_MLRP_9FuymRKeBLBcGYR&Q_CHL=gl,,HU959327,https://short.iseralaska.org/HU959327,,,,
PRO MECH INC,BOX 8660                 ,                         ,KETCHIKAN           ,AK,99901,http://uaa.co1.qualtrics.com/jfe/form/SV_06es9yDkSMD0hDf?Q_DL=e5weCGYACSnS4BL_06es9yDkSMD0hDf_MLRP_4HEaHJLnqSs5737&Q_CHL=gl,,HB587316,https://short.iseralaska.org/HB587316,,,,
PROGRESSIVE CASUALTY INSURACE,6055 PARKLAND BLVD EM3B1 ,                         ,MAYFIELD HEIGHTS    ,OH,44124,http://uaa.co1.qualtrics.com/jfe/form/SV_06es9yDkSMD0hDf?Q_DL=e5weCGYACSnS4BL_06es9yDkSMD0hDf_MLRP_9Gis3Ad5Q7krh1H&Q_CHL=gl,,PE288304,https://short.iseralaska.org/PE288304,,,,
PYBUS AIR LLC,96 S MAIN                ,                         ,ALPINE              ,UT,84004,http://uaa.co1.qualtrics.com/jfe/form/SV_06es9yDkSMD0hDf?Q_DL=e5weCGYACSnS4BL_06es9yDkSMD0hDf_MLRP_en5ALo9J7VPVmMR&Q_CHL=gl,,UJ402943,https://short.iseralaska.org/UJ402943,,,,
QUINNAT INC,PO BOX 210672            ,                         ,AUKE BAY            ,AK,99821,http://uaa.co1.qualtrics.com/jfe/form/SV_06es9yDkSMD0hDf?Q_DL=e5weCGYACSnS4BL_06es9yDkSMD0hDf_MLRP_1LfiG0a0huzkfqt&Q_CHL=gl,,YS646066,https://short.iseralaska.org/YS646066,,,,
R & D DICKFOSS LIVING TRUST,3234 E 19TH CT           ,                         ,ANCHORAGE           ,AK,99508,http://uaa.co1.qualtrics.com/jfe/form/SV_06es9yDkSMD0hDf?Q_DL=e5weCGYACSnS4BL_06es9yDkSMD0hDf_MLRP_74o0PZYKe7J1EMd&Q_CHL=gl,,UA239032,https://short.iseralaska.org/UA239032,,,,
RED QUILL LODGE INC,P O  BOX 89              ,                         ,KAILUA KONA         ,HI,96745,http://uaa.co1.qualtrics.com/jfe/form/SV_06es9yDkSMD0hDf?Q_DL=e5weCGYACSnS4BL_06es9yDkSMD0hDf_MLRP_7VS6RWDkmsP4qKp&Q_CHL=gl,,CO329525,https://short.iseralaska.org/CO329525,,,,
REDETZKE PROPERTIES LLC,4620 ABBEY RD            ,                         ,EAU CLAIRE          ,WI,54701,http://uaa.co1.qualtrics.com/jfe/form/SV_06es9yDkSMD0hDf?Q_DL=e5weCGYACSnS4BL_06es9yDkSMD0hDf_MLRP_74H9J2JPQ5oRKGp&Q_CHL=gl,,XN979231,https://short.iseralaska.org/XN979231,,,,
RICK J SCHIKORA TRUST 05011998,1416 GILLAM WAY          ,                         ,FAIRBANKS           ,AK,99701,http://uaa.co1.qualtrics.com/jfe/form/SV_06es9yDkSMD0hDf?Q_DL=e5weCGYACSnS4BL_06es9yDkSMD0hDf_MLRP_cu7R3v2hM1UNikZ&Q_CHL=gl,,CI226210,https://short.iseralaska.org/CI226210,,,,
RIVERSONG LODGE INC,11995 WILDERNESS DR      ,                         ,ANCHORAGE           ,AK,99516,http://uaa.co1.qualtrics.com/jfe/form/SV_06es9yDkSMD0hDf?Q_DL=e5weCGYACSnS4BL_06es9yDkSMD0hDf_MLRP_e3cExm7GhNuHdsh&Q_CHL=gl,,WO235697,https://short.iseralaska.org/WO235697,,,,
ROBERT D & TERRI MIELKE TRUST,PO BOX 870988            ,                         ,WASILLA             ,AK,99687,http://uaa.co1.qualtrics.com/jfe/form/SV_06es9yDkSMD0hDf?Q_DL=e5weCGYACSnS4BL_06es9yDkSMD0hDf_MLRP_4YiYRu9Ns4VnxCB&Q_CHL=gl,,DV533582,https://short.iseralaska.org/DV533582,,,,
ROBERT REYNOLDS SR LIVING TRUS,518 NW THORNTON LAKE DR  ,                         ,ALBANY              ,OR,97321,http://uaa.co1.qualtrics.com/jfe/form/SV_06es9yDkSMD0hDf?Q_DL=e5weCGYACSnS4BL_06es9yDkSMD0hDf_MLRP_e9ca7QxAF8c6wyF&Q_CHL=gl,,GC522848,https://short.iseralaska.org/GC522848,,,,
ROBT THOMASSEN REVOCABLE TRUST,PO BOX 1265              ,                         ,PETERSBURG          ,AK,99833,http://uaa.co1.qualtrics.com/jfe/form/SV_06es9yDkSMD0hDf?Q_DL=e5weCGYACSnS4BL_06es9yDkSMD0hDf_MLRP_aVQH2RDRIERa2xL&Q_CHL=gl,,CX996196,https://short.iseralaska.org/CX996196,,,,
ROCKY BAY OYSTERS,PO BOX 1011              ,                         ,WARD COVE           ,AK,99928,http://uaa.co1.qualtrics.com/jfe/form/SV_06es9yDkSMD0hDf?Q_DL=e5weCGYACSnS4BL_06es9yDkSMD0hDf_MLRP_8vNMuMd86Jc9alv&Q_CHL=gl,,PC743648,https://short.iseralaska.org/PC743648,,,,
ROCKY POINT RESORT/ALASKA INC,PO BOX 1251              ,                         ,PETERSBURG          ,AK,99833,http://uaa.co1.qualtrics.com/jfe/form/SV_06es9yDkSMD0hDf?Q_DL=e5weCGYACSnS4BL_06es9yDkSMD0hDf_MLRP_8Dmh5QEOUsT8G1v&Q_CHL=gl,,HY103714,https://short.iseralaska.org/HY103714,,,,
ROHRER BEAR CAMP,PO BOX 1388              ,                         ,KODIAK              ,AK,99615,http://uaa.co1.qualtrics.com/jfe/form/SV_06es9yDkSMD0hDf?Q_DL=e5weCGYACSnS4BL_06es9yDkSMD0hDf_MLRP_8cBiOpIJAUPu2wJ&Q_CHL=gl,,DD709923,https://short.iseralaska.org/DD709923,,,,
ROLLING STONE INC,6665 RICHARDSON HWY      ,                         ,SALCHA              ,AK,99714,http://uaa.co1.qualtrics.com/jfe/form/SV_06es9yDkSMD0hDf?Q_DL=e5weCGYACSnS4BL_06es9yDkSMD0hDf_MLRP_801srlvqsEPCpX7&Q_CHL=gl,,GP750810,https://short.iseralaska.org/GP750810,,,,
RTL ENTERPRISES,1120 HUFFMAN RD. #652    ,                         ,ANCHORAGE           ,AK,99515,http://uaa.co1.qualtrics.com/jfe/form/SV_06es9yDkSMD0hDf?Q_DL=e5weCGYACSnS4BL_06es9yDkSMD0hDf_MLRP_5oOERIv9io7zO2p&Q_CHL=gl,,KY729088,https://short.iseralaska.org/KY729088,,,,
RUSSELL FISHING COMPANY,PO BOX 290               ,                         ,KASILOF             ,AK,99610,http://uaa.co1.qualtrics.com/jfe/form/SV_06es9yDkSMD0hDf?Q_DL=e5weCGYACSnS4BL_06es9yDkSMD0hDf_MLRP_eIJ3VMeWt3CSQyp&Q_CHL=gl,,JQ952036,https://short.iseralaska.org/JQ952036,,,,
SAFECO INSURANCE COMPANY,PO BOX 3838              ,                         ,SPOKANE             ,WA,99220,http://uaa.co1.qualtrics.com/jfe/form/SV_06es9yDkSMD0hDf?Q_DL=e5weCGYACSnS4BL_06es9yDkSMD0hDf_MLRP_6kWHYJpsi0PTsu9&Q_CHL=gl,,JQ867725,https://short.iseralaska.org/JQ867725,,,,
SALMON SLAYER II LLC,2751 DEBARR RD STE 300   ,                         ,ANCHORAGE           ,AK,99508,http://uaa.co1.qualtrics.com/jfe/form/SV_06es9yDkSMD0hDf?Q_DL=e5weCGYACSnS4BL_06es9yDkSMD0hDf_MLRP_1RFbipPN5HgG4U5&Q_CHL=gl,,NZ796817,https://short.iseralaska.org/NZ796817,,,,
SAMARITANS PURSE,PO BOX 1227              ,                         ,SOLDOTNA            ,AK,99669,http://uaa.co1.qualtrics.com/jfe/form/SV_06es9yDkSMD0hDf?Q_DL=e5weCGYACSnS4BL_06es9yDkSMD0hDf_MLRP_eqyz8siWg7Lg5W5&Q_CHL=gl,,LQ791800,https://short.iseralaska.org/LQ791800,1,,,
SEA LEVEL ASSETS LLC,281 S CONQUEST CIRCLE    ,                         ,WASILLA             ,AK,99623,http://uaa.co1.qualtrics.com/jfe/form/SV_06es9yDkSMD0hDf?Q_DL=e5weCGYACSnS4BL_06es9yDkSMD0hDf_MLRP_5AucVZ2yDQnW7Ih&Q_CHL=gl,,FW140685,https://short.iseralaska.org/FW140685,,,,
SEAMARK ALASKA LLC,PMB 586 1120 HUFFMAN RD  ,                         ,ANCHORAGE           ,AK,99515,http://uaa.co1.qualtrics.com/jfe/form/SV_06es9yDkSMD0hDf?Q_DL=e5weCGYACSnS4BL_06es9yDkSMD0hDf_MLRP_51kxzkjF7UkP1Ix&Q_CHL=gl,,JA968428,https://short.iseralaska.org/JA968428,,,,
SG ALASKA LP,16707 N TONGASS HWY      ,                         ,KETCHIKAN           ,AK,99901,http://uaa.co1.qualtrics.com/jfe/form/SV_06es9yDkSMD0hDf?Q_DL=e5weCGYACSnS4BL_06es9yDkSMD0hDf_MLRP_6yQoMbOIzgrYHD7&Q_CHL=gl,,TV114463,https://short.iseralaska.org/TV114463,,,,
SILVERKING LODGE INC,PO BOX 8331              ,                         ,KETCHIKAN           ,AK,99901,http://uaa.co1.qualtrics.com/jfe/form/SV_06es9yDkSMD0hDf?Q_DL=e5weCGYACSnS4BL_06es9yDkSMD0hDf_MLRP_1O1KAj2u9djnfut&Q_CHL=gl,,XD265851,https://short.iseralaska.org/XD265851,,,,
SINGLE STAR LLC,9740 COPPER DRIVE        ,                         ,ANCHORAGE           ,AK,99507,http://uaa.co1.qualtrics.com/jfe/form/SV_06es9yDkSMD0hDf?Q_DL=e5weCGYACSnS4BL_06es9yDkSMD0hDf_MLRP_1MwxHJOa9zKHDI9&Q_CHL=gl,,FZ523764,https://short.iseralaska.org/FZ523764,,,,
ST INNOCENT OF ALASKA,PO BOX 1517              ,                         ,KODIAK              ,AK,99615,http://uaa.co1.qualtrics.com/jfe/form/SV_06es9yDkSMD0hDf?Q_DL=e5weCGYACSnS4BL_06es9yDkSMD0hDf_MLRP_bD6d0kyM8R8KlF3&Q_CHL=gl,,JZ854751,https://short.iseralaska.org/JZ854751,,,,
SUMITOMO METAL MINING POGO LLC,3204 INTERNATIONAL ST    ,                         ,FAIRBANKS           ,AK,99701,http://uaa.co1.qualtrics.com/jfe/form/SV_06es9yDkSMD0hDf?Q_DL=e5weCGYACSnS4BL_06es9yDkSMD0hDf_MLRP_9LkvgM8LnBjAkE5&Q_CHL=gl,,ZC734608,https://short.iseralaska.org/ZC734608,,,,
SUPPORT VESSELS OF ALASKA INC,1067 OCEAN DR STE B      ,                         ,HOMER               ,AK,99603,http://uaa.co1.qualtrics.com/jfe/form/SV_06es9yDkSMD0hDf?Q_DL=e5weCGYACSnS4BL_06es9yDkSMD0hDf_MLRP_3NVih45SkHXORFP&Q_CHL=gl,,ZR928221,https://short.iseralaska.org/ZR928221,,,,
TANANA CHIEFS CONFERENCE,122 1ST AVE SUITE 600    ,                         ,FAIRBANKS           ,AK,99701,http://uaa.co1.qualtrics.com/jfe/form/SV_06es9yDkSMD0hDf?Q_DL=e5weCGYACSnS4BL_06es9yDkSMD0hDf_MLRP_5w1y4FuvyXKoK57&Q_CHL=gl,,DF504359,https://short.iseralaska.org/DF504359,,,,
TENAKEE,4801 E PALOMINO RD       ,                         ,PHOENIX             ,AZ,85018,http://uaa.co1.qualtrics.com/jfe/form/SV_06es9yDkSMD0hDf?Q_DL=e5weCGYACSnS4BL_06es9yDkSMD0hDf_MLRP_4HNSb2pV2s6xWRv&Q_CHL=gl,,FN144845,https://short.iseralaska.org/FN144845,,1,,
TERRASOND CORP.,1617 S INDUSTRIAL WAY    ,SUITE 3                  ,PALMER              ,AK,99645,http://uaa.co1.qualtrics.com/jfe/form/SV_06es9yDkSMD0hDf?Q_DL=e5weCGYACSnS4BL_06es9yDkSMD0hDf_MLRP_6M9dUw6BoT6JxLT&Q_CHL=gl,,YA657137,https://short.iseralaska.org/YA657137,,,,
THE ALASKA ADVENTURE COMP LLC,PO BOX 190243            ,                         ,ANCHORAGE           ,AK,99519,http://uaa.co1.qualtrics.com/jfe/form/SV_06es9yDkSMD0hDf?Q_DL=e5weCGYACSnS4BL_06es9yDkSMD0hDf_MLRP_a93bcDTjyEcnlOZ&Q_CHL=gl,,LG263445,https://short.iseralaska.org/LG263445,,,,
THE BEACH FAMILY TRUST 1/12/07,P O BOX 1510             ,                         ,SITKA               ,AK,99835,http://uaa.co1.qualtrics.com/jfe/form/SV_06es9yDkSMD0hDf?Q_DL=e5weCGYACSnS4BL_06es9yDkSMD0hDf_MLRP_cHkdDJ2Ug2cK3n7&Q_CHL=gl,,RZ656039,https://short.iseralaska.org/RZ656039,,,,
THREE MOOSE LLC,PO BOX 1317              ,                         ,HOMER               ,AK,99603,http://uaa.co1.qualtrics.com/jfe/form/SV_06es9yDkSMD0hDf?Q_DL=e5weCGYACSnS4BL_06es9yDkSMD0hDf_MLRP_8ifk05nFqNIFcG1&Q_CHL=gl,,UK560581,https://short.iseralaska.org/UK560581,,,,
THUNDER MARINE RICKY SMITH,PO BOX 8080              ,                         ,KETCHIKAN           ,AK,99901,http://uaa.co1.qualtrics.com/jfe/form/SV_06es9yDkSMD0hDf?Q_DL=e5weCGYACSnS4BL_06es9yDkSMD0hDf_MLRP_3gASl40WSsaW1bT&Q_CHL=gl,,VV305819,https://short.iseralaska.org/VV305819,,,,
TIKCHIK NARROWS LODGE,PO BOX 220507            ,                         ,ANCHORAGE           ,AK,99522,http://uaa.co1.qualtrics.com/jfe/form/SV_06es9yDkSMD0hDf?Q_DL=e5weCGYACSnS4BL_06es9yDkSMD0hDf_MLRP_3Q6qlAjCI3cHAxv&Q_CHL=gl,,BR946657,https://short.iseralaska.org/BR946657,,,,
TM CONSTRUCTION,PO BOX 1626              ,                         ,SITKA               ,AK,99835,http://uaa.co1.qualtrics.com/jfe/form/SV_06es9yDkSMD0hDf?Q_DL=e5weCGYACSnS4BL_06es9yDkSMD0hDf_MLRP_0T9UFl5DEFh9qBL&Q_CHL=gl,,SX371654,https://short.iseralaska.org/SX371654,,,,
TOGIAK RIVER HOLDINGS,3443 NW HALF MILE LANE   ,                         ,FOREST GROVE        ,OR,97116,http://uaa.co1.qualtrics.com/jfe/form/SV_06es9yDkSMD0hDf?Q_DL=e5weCGYACSnS4BL_06es9yDkSMD0hDf_MLRP_eSbc0kI6kzLiXfD&Q_CHL=gl,,BH782283,https://short.iseralaska.org/BH782283,,,,
US COAST GUARD BASE KETCHIKAN,1300 STEDMAN ST          ,                         ,KETCHIKAN           ,AK,99901,http://uaa.co1.qualtrics.com/jfe/form/SV_06es9yDkSMD0hDf?Q_DL=e5weCGYACSnS4BL_06es9yDkSMD0hDf_MLRP_eD5UDtyRzwBvYWx&Q_CHL=gl,,UX992459,https://short.iseralaska.org/UX992459,,,,
VIKING LUMBER,PO BOX 670               ,                         ,CRAIG               ,AK,99921,http://uaa.co1.qualtrics.com/jfe/form/SV_06es9yDkSMD0hDf?Q_DL=e5weCGYACSnS4BL_06es9yDkSMD0hDf_MLRP_bjCVAmPHYocGvdz&Q_CHL=gl,,PG235432,https://short.iseralaska.org/PG235432,,,,
VILLAGE OF EYAK,PO BOX 1388              ,                         ,CORDOVA             ,AK,99574,http://uaa.co1.qualtrics.com/jfe/form/SV_06es9yDkSMD0hDf?Q_DL=e5weCGYACSnS4BL_06es9yDkSMD0hDf_MLRP_6m0pk8xnKek53KJ&Q_CHL=gl,,TR725671,https://short.iseralaska.org/TR725671,,,,
WEEDMAN RANCHES INC,PO BOX 386               ,                         ,WASCO               ,OR,97065,http://uaa.co1.qualtrics.com/jfe/form/SV_06es9yDkSMD0hDf?Q_DL=e5weCGYACSnS4BL_06es9yDkSMD0hDf_MLRP_00AHa7BM0WlSj4h&Q_CHL=gl,,KD463459,https://short.iseralaska.org/KD463459,,,,
WESTERN DOCK AND BRIDGE,777 MAIN ST              ,                         ,KETCHIKAN           ,AK,99901,http://uaa.co1.qualtrics.com/jfe/form/SV_06es9yDkSMD0hDf?Q_DL=e5weCGYACSnS4BL_06es9yDkSMD0hDf_MLRP_4UBF8q21VkzEOrP&Q_CHL=gl,,BS314337,https://short.iseralaska.org/BS314337,,,,
WESTERN MARINE CONSTR INC,2775 HARBOR AVE SW A     ,                         ,SEATTLE             ,WA,98126,http://uaa.co1.qualtrics.com/jfe/form/SV_06es9yDkSMD0hDf?Q_DL=e5weCGYACSnS4BL_06es9yDkSMD0hDf_MLRP_bIBUmToYGQv81ZX&Q_CHL=gl,,KJ589726,https://short.iseralaska.org/KJ589726,,,,
WHALER'S COVE LODGE,POB 101                  ,                         ,ANGOON              ,AK,99820,http://uaa.co1.qualtrics.com/jfe/form/SV_06es9yDkSMD0hDf?Q_DL=e5weCGYACSnS4BL_06es9yDkSMD0hDf_MLRP_b8D75syR7YtqQWp&Q_CHL=gl,,EQ612390,https://short.iseralaska.org/EQ612390,,,,
WMCA INC,PO BOX 111972            ,                         ,ANCHORAGE           ,AK,99511,http://uaa.co1.qualtrics.com/jfe/form/SV_06es9yDkSMD0hDf?Q_DL=e5weCGYACSnS4BL_06es9yDkSMD0hDf_MLRP_8hKN5byJpEKcDk1&Q_CHL=gl,,PY773705,https://short.iseralaska.org/PY773705,,,,
WOO HOO TOURS,PO BOX 21795             ,                         ,JUNEAU              ,AK,99802,http://uaa.co1.qualtrics.com/jfe/form/SV_06es9yDkSMD0hDf?Q_DL=e5weCGYACSnS4BL_06es9yDkSMD0hDf_MLRP_74jVvkC09bcFaxT&Q_CHL=gl,,OP521938,https://short.iseralaska.org/OP521938,,,,
YES BAY LODGE,PO BOX 8660              ,                         ,KETCHIKAN           ,AK,99901,http://uaa.co1.qualtrics.com/jfe/form/SV_06es9yDkSMD0hDf?Q_DL=e5weCGYACSnS4BL_06es9yDkSMD0hDf_MLRP_8qpwg3MX0uBP5FX&Q_CHL=gl,,UT694905,https://short.iseralaska.org/UT694905,,,,
